timestamp,RN1,RP3323,RN11,RN23
2024-08-01 00:00:00,57.22352136885505,71.20567918061708,57.22352136885505,57.22352136885505
2024-08-01 01:00:00,58.13778106447296,70.70493706468453,58.13778106447296,58.13778106447296
2024-08-01 02:00:00,59.09145984214531,73.87345620394139,59.09145984214531,59.09145984214531
2024-08-01 03:00:00,60.08536343538361,77.31893541571596,60.08536343538361,60.08536343538361
2024-08-01 04:00:00,59.294630981374496,71.8745023033906,59.294630981374496,59.294630981374496
2024-08-01 05:00:00,58.69463836937287,71.14121983866997,58.69463836937287,58.69463836937287
2024-08-01 06:00:00,54.710645766978324,70.89301194766196,54.710645766978324,54.710645766978324
2024-08-01 07:00:00,43.5453456281188,55.177809540248326,43.5453456281188,43.5453456281188
2024-08-01 08:00:00,35.788736526329274,42.54538681744238,35.788736526329274,35.788736526329274
2024-08-01 09:00:00,42.244152019613686,53.01439414383414,42.244152019613686,42.244152019613686
2024-08-01 10:00:00,47.79146203823439,57.23081946138624,47.79146203823439,47.79146203823439
2024-08-01 11:00:00,48.99042161089338,58.69032246980461,48.99042161089338,48.99042161089338
2024-08-01 12:00:00,51.108883022204715,63.08302601188194,51.108883022204715,51.108883022204715
2024-08-01 13:00:00,51.33902388990399,57.87191798065015,51.33902388990399,51.33902388990399
2024-08-01 14:00:00,52.023786975369134,59.18887090221399,52.023786975369134,52.023786975369134
2024-08-01 15:00:00,50.74697061184156,60.591149144109,50.74697061184156,50.74697061184156
2024-08-01 16:00:00,46.34422599584951,54.06185755073934,46.34422599584951,46.34422599584951
2024-08-01 17:00:00,37.341411299667875,46.44032641525194,37.341411299667875,37.341411299667875
2024-08-01 18:00:00,34.39138916601545,39.719923635374094,34.39138916601545,34.39138916601545
2024-08-01 19:00:00,40.16446333439912,45.49080369461973,40.16446333439912,40.16446333439912
2024-08-01 20:00:00,47.4595419460147,61.74114661873806,47.4595419460147,47.4595419460147
2024-08-01 21:00:00,50.89840066478106,61.63379105193119,50.89840066478106,50.89840066478106
2024-08-01 22:00:00,54.030387692109564,66.2092284897245,54.030387692109564,54.030387692109564
2024-08-01 23:00:00,55.15886331620395,63.78557920180485,55.15886331620395,55.15886331620395
2024-08-02 00:00:00,56.75502777396367,67.97995848582741,56.75502777396367,56.75502777396367
2024-08-02 01:00:00,58.24991516536944,71.47701440746494,58.24991516536944,58.24991516536944
2024-08-02 02:00:00,58.28205289015996,68.30044350110803,58.28205289015996,58.28205289015996
2024-08-02 03:00:00,59.56906410825555,73.76405773460473,59.56906410825555,59.56906410825555
2024-08-02 04:00:00,59.12971258953654,70.7389890854853,59.12971258953654,59.12971258953654
2024-08-02 05:00:00,58.66873781259302,70.96288663855293,58.66873781259302,58.66873781259302
2024-08-02 06:00:00,53.729232024496774,64.13568024922613,53.729232024496774,53.729232024496774
2024-08-02 07:00:00,44.03352518302902,58.539074048917136,44.03352518302902,44.03352518302902
2024-08-02 08:00:00,35.99392624886793,43.958180378695964,35.99392624886793,35.99392624886793
2024-08-02 09:00:00,41.52403008196985,48.056135882975106,41.52403008196985,41.52403008196985
2024-08-02 10:00:00,48.37014521044644,61.2152288635333,48.37014521044644,48.37014521044644
2024-08-02 11:00:00,48.650620357513034,56.35068763360465,48.650620357513034,48.650620357513034
2024-08-02 12:00:00,51.09398861775214,62.98047351339927,51.09398861775214,51.09398861775214
2024-08-02 13:00:00,51.318148444254106,57.72818419692272,51.318148444254106,51.318148444254106
2024-08-02 14:00:00,52.202316277995706,60.41809937489441,52.202316277995706,52.202316277995706
2024-08-02 15:00:00,51.08858755614111,62.94328556376127,51.08858755614111,51.08858755614111
2024-08-02 16:00:00,47.13230996099794,59.48805501284237,47.13230996099794,47.13230996099794
2024-08-02 17:00:00,37.27711572653549,45.997631865960216,37.27711572653549,37.27711572653549
2024-08-02 18:00:00,34.74795827292529,42.175010235967605,34.74795827292529,34.74795827292529
2024-08-02 19:00:00,40.66450333698482,48.933730987867605,40.66450333698482,40.66450333698482
2024-08-02 20:00:00,46.134665104334665,52.6189671634444,46.134665104334665,46.134665104334665
2024-08-02 21:00:00,50.67607010622238,60.102977628552075,50.67607010622238,50.67607010622238
2024-08-02 22:00:00,53.79271255306809,64.57276296916423,53.79271255306809,53.79271255306809
2024-08-02 23:00:00,56.275705001798514,71.47537342164127,56.275705001798514,56.275705001798514
2024-08-03 00:00:00,57.15462823030581,70.7313289970274,57.15462823030581,57.15462823030581
2024-08-03 01:00:00,57.40663193008677,65.67075320500149,57.40663193008677,57.40663193008677
2024-08-03 02:00:00,58.945837786227656,72.87080411965773,58.945837786227656,58.945837786227656
2024-08-03 03:00:00,59.22671297381265,71.40686619282242,59.22671297381265,59.22671297381265
2024-08-03 04:00:00,59.09538509986232,70.50263389290689,59.09538509986232,59.09538509986232
2024-08-03 05:00:00,59.075254329978385,73.76187633062717,59.075254329978385,59.075254329978385
2024-08-03 06:00:00,54.46394978512318,69.19443518445969,54.46394978512318,54.46394978512318
2024-08-03 07:00:00,43.619076053602285,55.68546591359287,43.619076053602285,43.619076053602285
2024-08-03 08:00:00,35.62235211454981,41.39977960697062,35.62235211454981,35.62235211454981
2024-08-03 09:00:00,41.86085443086695,50.37527382764294,41.86085443086695,41.86085443086695
2024-08-03 10:00:00,48.1490685441316,59.69304886909349,48.1490685441316,48.1490685441316
2024-08-03 11:00:00,49.63899530720506,63.155949357988284,49.63899530720506,49.63899530720506
2024-08-03 12:00:00,50.78437159296962,60.848666258848176,50.78437159296962,50.78437159296962
2024-08-03 13:00:00,52.11645346050128,63.2247567002457,52.11645346050128,52.11645346050128
2024-08-03 14:00:00,52.30214926169729,61.1054797896116,52.30214926169729,52.30214926169729
2024-08-03 15:00:00,50.4617070191637,58.62702266638338,50.4617070191637,50.4617070191637
2024-08-03 16:00:00,47.16563662007739,59.71751918279697,47.16563662007739,47.16563662007739
2024-08-03 17:00:00,37.81030801285687,49.6688227019584,37.81030801285687,37.81030801285687
2024-08-03 18:00:00,34.76759544528885,42.31021813202212,34.76759544528885,34.76759544528885
2024-08-03 19:00:00,41.25158980405141,52.975999627392326,41.25158980405141,41.25158980405141
2024-08-03 20:00:00,46.96273621127144,58.320488241918504,46.96273621127144,46.96273621127144
2024-08-03 21:00:00,50.70969611042769,60.33450288061728,50.70969611042769,50.70969611042769
2024-08-03 22:00:00,54.162628022478785,67.11974332922131,54.162628022478785,54.162628022478785
2024-08-03 23:00:00,56.49211645490969,72.96543200622459,56.49211645490969,56.49211645490969
2024-08-04 00:00:00,56.983878282400525,69.55566374439992,56.983878282400525,56.983878282400525
2024-08-04 01:00:00,58.9040896451163,75.98120439070671,58.9040896451163,58.9040896451163
2024-08-04 02:00:00,57.62111470315961,63.749683339108266,57.62111470315961,57.62111470315961
2024-08-04 03:00:00,59.76985612696885,75.14657176932113,59.76985612696885,59.76985612696885
2024-08-04 04:00:00,59.43917118070718,72.86970547649808,59.43917118070718,59.43917118070718
2024-08-04 05:00:00,58.66544669229036,70.94022627566834,58.66544669229036,58.66544669229036
2024-08-04 06:00:00,54.04129234944097,66.28431036748565,54.04129234944097,54.04129234944097
2024-08-04 07:00:00,42.30559398842959,46.64174295544895,42.30559398842959,42.30559398842959
2024-08-04 08:00:00,35.90114765047312,43.31937154942029,35.90114765047312,35.90114765047312
2024-08-04 09:00:00,42.160700657180286,52.43980616708237,42.160700657180286,42.160700657180286
2024-08-04 10:00:00,48.66505232013368,63.245753884861074,48.66505232013368,48.66505232013368
2024-08-04 11:00:00,48.96677840177686,58.527531793966034,48.96677840177686,48.96677840177686
2024-08-04 12:00:00,50.636177878698064,59.82830752571689,50.636177878698064,50.636177878698064
2024-08-04 13:00:00,51.97420933038696,62.24536266108385,51.97420933038696,51.97420933038696
2024-08-04 14:00:00,53.21193095296593,67.36960305888783,53.21193095296593,53.21193095296593
2024-08-04 15:00:00,51.14793799934686,63.35193139154066,51.14793799934686,51.14793799934686
2024-08-04 16:00:00,46.561607908304836,55.558598042661444,46.561607908304836,46.561607908304836
2024-08-04 17:00:00,37.43097034490101,47.05696764314559,37.43097034490101,37.43097034490101
2024-08-04 18:00:00,34.843684897206614,42.8341171188658,34.843684897206614,34.843684897206614
2024-08-04 19:00:00,41.2358902457398,52.867903400043566,41.2358902457398,41.2358902457398
2024-08-04 20:00:00,46.48407610775519,55.02476804740769,46.48407610775519,46.48407610775519
2024-08-04 21:00:00,50.85255203403101,61.31810930376874,50.85255203403101,50.85255203403101
2024-08-04 22:00:00,53.82355133109053,64.7850973224056,53.82355133109053,53.82355133109053
2024-08-04 23:00:00,55.14141827334055,63.66546478316696,55.14141827334055,55.14141827334055
2024-08-05 00:00:00,57.13325412467906,70.584161787903,57.13325412467906,57.13325412467906
2024-08-05 01:00:00,58.31747487248094,71.94218351060721,58.31747487248094,58.31747487248094
2024-08-05 02:00:00,58.8023010554891,71.8825101326009,58.8023010554891,58.8023010554891
2024-08-05 03:00:00,59.29443578998118,71.8731583513628,59.29443578998118,59.29443578998118
2024-08-05 04:00:00,58.763083166077315,68.2146341498636,58.763083166077315,58.763083166077315
2024-08-05 05:00:00,58.610709604755584,70.56334480288244,58.610709604755584,58.610709604755584
2024-08-05 06:00:00,53.84577846756295,64.93813790799064,53.84577846756295,53.84577846756295
2024-08-05 07:00:00,42.838975228850266,50.314234797811125,42.838975228850266,42.838975228850266
2024-08-05 08:00:00,35.9274214297503,43.500274499789064,35.9274214297503,35.9274214297503
2024-08-05 09:00:00,42.18182288556654,52.58523912490416,42.18182288556654,42.18182288556654
2024-08-05 10:00:00,48.848783655544736,64.51079993325835,48.848783655544736,48.848783655544736
2024-08-05 11:00:00,49.278560015774325,60.674242902705345,49.278560015774325,49.278560015774325
2024-08-05 12:00:00,51.115897675825245,63.13132403259611,51.115897675825245,51.115897675825245
2024-08-05 13:00:00,52.16649933790523,63.569337766435574,52.16649933790523,52.16649933790523
2024-08-05 14:00:00,51.93655295311543,58.58823816370505,51.93655295311543,51.93655295311543
2024-08-05 15:00:00,50.98806875604785,62.25118309488674,50.98806875604785,50.98806875604785
2024-08-05 16:00:00,46.82710359447346,57.38661648003213,46.82710359447346,46.82710359447346
2024-08-05 17:00:00,38.30845895061838,53.09874321013249,38.30845895061838,38.30845895061838
2024-08-05 18:00:00,34.713437565848494,41.93732468288718,34.713437565848494,34.713437565848494
2024-08-05 19:00:00,40.93569630405013,50.80097693462762,40.93569630405013,40.93569630405013
2024-08-05 20:00:00,46.784379703632645,57.092449515211364,46.784379703632645,46.784379703632645
2024-08-05 21:00:00,50.47409488307121,58.71231687191028,50.47409488307121,50.47409488307121
2024-08-05 22:00:00,54.51427026653176,69.54090698262605,54.51427026653176,54.51427026653176
2024-08-05 23:00:00,56.138369864709055,70.5297792904473,56.138369864709055,56.138369864709055
2024-08-06 00:00:00,57.35596437616937,72.11758951243925,57.35596437616937,57.35596437616937
2024-08-06 01:00:00,57.790775645342364,68.31569935919735,57.790775645342364,57.790775645342364
2024-08-06 02:00:00,59.43125743992124,76.21306587019468,59.43125743992124,59.43125743992124
2024-08-06 03:00:00,58.76916702174347,68.25652334395386,58.76916702174347,58.76916702174347
2024-08-06 04:00:00,59.66408569221012,74.4183102007137,59.66408569221012,59.66408569221012
2024-08-06 05:00:00,59.78570503161449,78.65354519416137,59.78570503161449,59.78570503161449
2024-08-06 06:00:00,53.55425865369119,62.93093544716428,53.55425865369119,53.55425865369119
2024-08-06 07:00:00,42.94516602167875,51.04539065940271,42.94516602167875,42.94516602167875
2024-08-06 08:00:00,36.044843114289435,44.30875846192901,36.044843114289435,36.044843114289435
2024-08-06 09:00:00,41.77343595564771,49.77337107444299,41.77343595564771,41.77343595564771
2024-08-06 10:00:00,47.30220145602024,53.86211175139308,47.30220145602024,47.30220145602024
2024-08-06 11:00:00,49.230853338662705,60.34576794100547,49.230853338662705,49.230853338662705
2024-08-06 12:00:00,50.521963328823254,59.041905659832935,50.521963328823254,50.521963328823254
2024-08-06 13:00:00,52.41311659378584,65.26737247739196,52.41311659378584,52.41311659378584
2024-08-06 14:00:00,52.386259094594784,61.68460153550371,52.386259094594784,52.386259094594784
2024-08-06 15:00:00,51.69747048225789,67.13562944401079,51.69747048225789,51.69747048225789
2024-08-06 16:00:00,46.447536018448695,54.7731784343357,46.447536018448695,46.447536018448695
2024-08-06 17:00:00,37.05507231770745,44.46879555569155,37.05507231770745,37.05507231770745
2024-08-06 18:00:00,35.16608274781635,45.05392424111391,35.16608274781635,35.16608274781635
2024-08-06 19:00:00,40.24611105760472,46.05297306747492,40.24611105760472,40.24611105760472
2024-08-06 20:00:00,46.902356970571866,57.904758830920976,46.902356970571866,46.902356970571866
2024-08-06 21:00:00,51.588214239427096,66.38336702809455,51.588214239427096,51.588214239427096
2024-08-06 22:00:00,53.276632544447445,61.019395362589385,53.276632544447445,53.276632544447445
2024-08-06 23:00:00,55.88308523633954,68.77206708739331,55.88308523633954,55.88308523633954
2024-08-07 00:00:00,57.11694725741179,70.47188405393865,57.11694725741179,57.11694725741179
2024-08-07 01:00:00,58.55182029229979,73.55572290299538,58.55182029229979,58.55182029229979
2024-08-07 02:00:00,58.24337218010486,68.03411506401847,58.24337218010486,58.24337218010486
2024-08-07 03:00:00,58.80579452411207,68.50871482250811,58.80579452411207,58.80579452411207
2024-08-07 04:00:00,59.6348737045276,74.21717679306214,59.6348737045276,59.6348737045276
2024-08-07 05:00:00,58.93364310295493,72.78684002147544,58.93364310295493,58.93364310295493
2024-08-07 06:00:00,54.11272178265565,66.77612371018688,54.11272178265565,54.11272178265565
2024-08-07 07:00:00,43.35590169427363,53.87343051656413,43.35590169427363,43.35590169427363
2024-08-07 08:00:00,35.693988875289676,41.89302046265373,35.693988875289676,35.693988875289676
2024-08-07 09:00:00,42.10451416372245,52.052945094293065,42.10451416372245,42.10451416372245
2024-08-07 10:00:00,48.131882612984406,59.574718513320754,48.131882612984406,48.131882612984406
2024-08-07 11:00:00,48.87854186188813,57.91999641704871,48.87854186188813,48.87854186188813
2024-08-07 12:00:00,51.83959853001514,68.11422422088687,51.83959853001514,51.83959853001514
2024-08-07 13:00:00,52.413224814410306,65.26811760926093,52.413224814410306,52.413224814410306
2024-08-07 14:00:00,52.2639134262588,60.84221444937772,52.2639134262588,52.2639134262588
2024-08-07 15:00:00,51.29544912388522,64.3675902870383,51.29544912388522,51.29544912388522
2024-08-07 16:00:00,46.36139324839771,54.18005929868476,46.36139324839771,46.36139324839771
2024-08-07 17:00:00,37.55418807168411,47.90535911654729,37.55418807168411,37.55418807168411
2024-08-07 18:00:00,35.32136801055333,46.12311043932149,35.32136801055333,35.32136801055333
2024-08-07 19:00:00,40.43069295674174,47.323875505464216,40.43069295674174,40.43069295674174
2024-08-07 20:00:00,47.23351925815995,60.18491176375761,47.23351925815995,47.23351925815995
2024-08-07 21:00:00,51.18575141712142,63.61228825785902,51.18575141712142,51.18575141712142
2024-08-07 22:00:00,54.36992707199752,68.54706024739141,54.36992707199752,54.36992707199752
2024-08-07 23:00:00,56.65355684219428,74.07699810641746,56.65355684219428,56.65355684219428
2024-08-08 00:00:00,56.88957534779871,68.90635939735759,56.88957534779871,56.88957534779871
2024-08-08 01:00:00,57.86081872603913,68.79796724374067,57.86081872603913,57.86081872603913
2024-08-08 02:00:00,58.39971850666851,69.11060700894599,58.39971850666851,58.39971850666851
2024-08-08 03:00:00,59.03288537176555,70.0723042821313,59.03288537176555,59.03288537176555
2024-08-08 04:00:00,59.36530423076365,72.36110909078003,59.36530423076365,59.36530423076365
2024-08-08 05:00:00,58.95351838866749,72.92368740025917,58.95351838866749,58.95351838866749
2024-08-08 06:00:00,54.12451085969851,66.85729508628319,54.12451085969851,54.12451085969851
2024-08-08 07:00:00,43.572232462066204,55.36293355822261,43.572232462066204,43.572232462066204
2024-08-08 08:00:00,36.00585085134506,44.04028488856985,36.00585085134506,36.00585085134506
2024-08-08 09:00:00,42.65409033472079,55.83694395251353,42.65409033472079,42.65409033472079
2024-08-08 10:00:00,47.88090442504292,57.84665746059419,47.88090442504292,47.88090442504292
2024-08-08 11:00:00,50.424076124965325,68.56146923818812,50.424076124965325,50.424076124965325
2024-08-08 12:00:00,51.28155030649425,64.27189270786104,51.28155030649425,51.28155030649425
2024-08-08 13:00:00,51.814279099612676,61.144194447139114,51.814279099612676,51.814279099612676
2024-08-08 14:00:00,52.318098375872495,61.21529428487801,52.318098375872495,52.318098375872495
2024-08-08 15:00:00,51.217112586859436,63.82821943672639,51.217112586859436,51.217112586859436
2024-08-08 16:00:00,46.69944174660337,56.507625883148684,46.69944174660337,46.69944174660337
2024-08-08 17:00:00,37.521300222341445,47.678916284908695,37.521300222341445,37.521300222341445
2024-08-08 18:00:00,35.01295693105809,43.999606484351,35.01295693105809,35.01295693105809
2024-08-08 19:00:00,40.76722698930441,49.641014533992696,40.76722698930441,40.76722698930441
2024-08-08 20:00:00,46.41894282686922,54.576305625798405,46.41894282686922,46.41894282686922
2024-08-08 21:00:00,50.31831874889136,57.639750874727824,50.31831874889136,50.31831874889136
2024-08-08 22:00:00,53.799068271569844,64.61652402144946,53.799068271569844,53.799068271569844
2024-08-08 23:00:00,56.18537945744556,70.85345461450154,56.18537945744556,56.18537945744556
2024-08-09 00:00:00,57.09634218485859,70.33001187110143,57.09634218485859,57.09634218485859
2024-08-09 01:00:00,57.6394175495796,67.2735528983923,57.6394175495796,57.6394175495796
2024-08-09 02:00:00,58.87793141663303,72.4032481400286,58.87793141663303,58.87793141663303
2024-08-09 03:00:00,59.57339282087798,73.79386223575524,59.57339282087798,59.57339282087798
2024-08-09 04:00:00,59.00226415370949,69.86146789533714,59.00226415370949,59.00226415370949
2024-08-09 05:00:00,58.86917629767549,72.34296648684347,58.86917629767549,58.86917629767549
2024-08-09 06:00:00,54.0261939233007,66.18035311771635,54.0261939233007,54.0261939233007
2024-08-09 07:00:00,42.68566336597622,49.25863605703381,42.68566336597622,42.68566336597622
2024-08-09 08:00:00,36.16100431215673,45.10856359048992,36.16100431215673,36.16100431215673
2024-08-09 09:00:00,42.252353036865706,53.070860638481314,42.252353036865706,42.252353036865706
2024-08-09 10:00:00,48.487373059428876,62.022378208992336,48.487373059428876,48.487373059428876
2024-08-09 11:00:00,49.6742109234157,63.39841957151763,49.6742109234157,49.6742109234157
2024-08-09 12:00:00,50.38004878441931,58.064780918391,50.38004878441931,50.38004878441931
2024-08-09 13:00:00,51.7779787320382,60.894255391001934,51.7779787320382,51.7779787320382
2024-08-09 14:00:00,53.031765870243895,66.12911174342024,53.031765870243895,53.031765870243895
2024-08-09 15:00:00,51.23120367791049,63.92524087845199,51.23120367791049,51.23120367791049
2024-08-09 16:00:00,47.031771458837724,58.795816889252784,47.031771458837724,47.031771458837724
2024-08-09 17:00:00,38.93372917079463,57.40391858723835,38.93372917079463,38.93372917079463
2024-08-09 18:00:00,35.05690072981192,44.30217288567131,35.05690072981192,35.05690072981192
2024-08-09 19:00:00,41.31100453808127,53.385088117022526,41.31100453808127,41.31100453808127
2024-08-09 20:00:00,47.229300793571944,60.15586635380934,47.229300793571944,47.229300793571944
2024-08-09 21:00:00,51.29312606308761,64.35159530787138,51.29312606308761,51.29312606308761
2024-08-09 22:00:00,53.85812883991184,65.02317397274923,53.85812883991184,53.85812883991184
2024-08-09 23:00:00,56.14153614922198,70.55158012100357,56.14153614922198,56.14153614922198
2024-08-10 00:00:00,56.652228653458096,67.2721553183201,56.652228653458096,56.652228653458096
2024-08-10 01:00:00,58.09343162696699,70.39957771735244,58.09343162696699,58.09343162696699
2024-08-10 02:00:00,58.5815864034769,70.36282271658804,58.5815864034769,58.5815864034769
2024-08-10 03:00:00,59.43684336272384,72.85367774266263,59.43684336272384,59.43684336272384
2024-08-10 04:00:00,60.44159635500308,79.77170726470625,60.44159635500308,60.44159635500308
2024-08-10 05:00:00,57.95973066333371,66.08115707157816,57.95973066333371,57.95973066333371
2024-08-10 06:00:00,54.30881708566853,68.12629943078849,54.30881708566853,54.30881708566853
2024-08-10 07:00:00,42.47427785796465,47.803182630974476,42.47427785796465,42.47427785796465
2024-08-10 08:00:00,35.787630660394754,42.53777259460234,35.787630660394754,35.787630660394754
2024-08-10 09:00:00,42.490027768635315,54.70732335485111,42.490027768635315,42.490027768635315
2024-08-10 10:00:00,48.02892600859296,58.86583102142716,48.02892600859296,48.02892600859296
2024-08-10 11:00:00,48.715014849931805,56.794063272227554,48.715014849931805,48.715014849931805
2024-08-10 12:00:00,50.678113330833014,60.11704585057793,50.678113330833014,50.678113330833014
2024-08-10 13:00:00,52.505818987020604,65.90565661099524,52.505818987020604,52.505818987020604
2024-08-10 14:00:00,52.471335015727284,62.27037509232047,52.471335015727284,52.471335015727284
2024-08-10 15:00:00,51.09740636531189,63.00400574340895,51.09740636531189,51.09740636531189
2024-08-10 16:00:00,46.82050732795672,57.341199181602796,46.82050732795672,46.82050732795672
2024-08-10 17:00:00,36.90677984357738,43.447756830938424,36.90677984357738,36.90677984357738
2024-08-10 18:00:00,35.764774840196395,49.17610113585877,35.764774840196395,35.764774840196395
2024-08-10 19:00:00,41.08526356004311,51.830792919692065,41.08526356004311,41.08526356004311
2024-08-10 20:00:00,45.88868583600408,50.92532519054374,45.88868583600408,45.88868583600408
2024-08-10 21:00:00,51.08390444164624,62.91104089807774,51.08390444164624,51.08390444164624
2024-08-10 22:00:00,53.70219609085422,63.949529634565245,53.70219609085422,53.70219609085422
2024-08-10 23:00:00,56.18359500065831,70.84116808753427,56.18359500065831,56.18359500065831
2024-08-11 00:00:00,56.64336566770528,67.21113096948757,56.64336566770528,56.64336566770528
2024-08-11 01:00:00,58.14836860133989,70.7778354717298,58.14836860133989,58.14836860133989
2024-08-11 02:00:00,59.0272442755412,73.43131252389699,59.0272442755412,59.0272442755412
2024-08-11 03:00:00,59.78958983737655,75.28244435913075,59.78958983737655,59.78958983737655
2024-08-11 04:00:00,58.8598666168249,68.8810176039683,58.8598666168249,58.8598666168249
2024-08-11 05:00:00,58.64947444387157,70.83025249410842,58.64947444387157,58.64947444387157
2024-08-11 06:00:00,53.78627460997757,64.52843577561146,53.78627460997757,53.78627460997757
2024-08-11 07:00:00,42.90600184534183,50.775733410121234,42.90600184534183,42.90600184534183
2024-08-11 08:00:00,36.79445440812649,49.47005989687996,36.79445440812649,36.79445440812649
2024-08-11 09:00:00,42.18224176993243,52.58812327098962,42.18224176993243,42.18224176993243
2024-08-11 10:00:00,47.43260222054923,54.759960621354836,47.43260222054923,47.43260222054923
2024-08-11 11:00:00,49.613037876174644,62.97722456138185,49.613037876174644,49.613037876174644
2024-08-11 12:00:00,51.95497028865569,68.90859382059796,51.95497028865569,51.95497028865569
2024-08-11 13:00:00,52.66460936724802,66.99897660772183,52.66460936724802,52.66460936724802
2024-08-11 14:00:00,52.11628351532069,59.825737673439235,52.11628351532069,52.11628351532069
2024-08-11 15:00:00,50.78209466721019,60.83298893343159,50.78209466721019,50.78209466721019
2024-08-11 16:00:00,47.37011001713398,61.12538062553943,47.37011001713398,47.37011001713398
2024-08-11 17:00:00,36.88154874047155,43.27403302269783,36.88154874047155,36.88154874047155
2024-08-11 18:00:00,34.9997187426658,43.908457536480235,34.9997187426658,34.9997187426658
2024-08-11 19:00:00,41.148585324043204,52.266782497336244,41.148585324043204,41.148585324043204
2024-08-11 20:00:00,46.382881287789864,54.32801097638871,46.382881287789864,46.382881287789864
2024-08-11 21:00:00,50.97321358977219,62.14890076316979,50.97321358977219,50.97321358977219
2024-08-11 22:00:00,52.54142969696892,55.95730045704518,52.54142969696892,52.54142969696892
2024-08-11 23:00:00,55.33902556139957,65.02605098004128,55.33902556139957,55.33902556139957
2024-08-12 00:00:00,56.886344331873076,68.88411287136418,56.886344331873076,56.886344331873076
2024-08-12 01:00:00,57.63849756811582,67.26721854659128,57.63849756811582,57.63849756811582
2024-08-12 02:00:00,59.53458508676923,76.92450810209702,59.53458508676923,59.53458508676923
2024-08-12 03:00:00,58.756436379917716,68.16886900834906,58.756436379917716,58.756436379917716
2024-08-12 04:00:00,59.20197998098636,71.23657202514575,59.20197998098636,59.20197998098636
2024-08-12 05:00:00,58.85883325977874,72.27175152946872,58.85883325977874,58.85883325977874
2024-08-12 06:00:00,54.64857298007975,70.46562195670933,54.64857298007975,54.64857298007975
2024-08-12 07:00:00,42.553862031969246,48.351143840825976,42.553862031969246,42.553862031969246
2024-08-12 08:00:00,36.523423688469734,47.603931072806624,36.523423688469734,36.523423688469734
2024-08-12 09:00:00,42.00460487745882,51.36503931326099,42.00460487745882,42.00460487745882
2024-08-12 10:00:00,47.55832110702842,55.62557333893289,47.55832110702842,47.55832110702842
2024-08-12 11:00:00,49.40794656341847,61.56510858137031,49.40794656341847,49.40794656341847
2024-08-12 12:00:00,51.08957686300806,62.95009724201906,51.08957686300806,51.08957686300806
2024-08-12 13:00:00,51.92990240527855,61.94029602452109,51.92990240527855,51.92990240527855
2024-08-12 14:00:00,52.831410938245504,64.74960718349085,52.831410938245504,52.831410938245504
2024-08-12 15:00:00,50.826608881412206,61.13948281836303,50.826608881412206,50.826608881412206
2024-08-12 16:00:00,46.85108280536306,57.551720630131,46.85108280536306,46.85108280536306
2024-08-12 17:00:00,37.49795880353447,47.51820352701314,37.49795880353447,37.49795880353447
2024-08-12 18:00:00,35.513707567265406,47.44742670592201,35.513707567265406,35.513707567265406
2024-08-12 19:00:00,40.24298302552792,46.03143561655962,40.24298302552792,40.24298302552792
2024-08-12 20:00:00,47.75986501859533,63.808962189558656,47.75986501859533,47.75986501859533
2024-08-12 21:00:00,50.121560490214875,56.28501050302506,50.121560490214875,50.121560490214875
2024-08-12 22:00:00,53.93169670723399,65.52971108377974,53.93169670723399,53.93169670723399
2024-08-12 23:00:00,56.064742742918064,70.02283419440163,56.064742742918064,56.064742742918064
2024-08-13 00:00:00,57.12644634048076,70.53728812599266,57.12644634048076,57.12644634048076
2024-08-13 01:00:00,57.919785216080726,69.20396943736812,57.919785216080726,57.919785216080726
2024-08-13 02:00:00,58.70634498733922,71.22182345897951,58.70634498733922,58.70634498733922
2024-08-13 03:00:00,59.178149579403524,71.07249247232131,59.178149579403524,59.178149579403524
2024-08-13 04:00:00,59.1347858593751,70.77392008921079,59.1347858593751,59.1347858593751
2024-08-13 05:00:00,59.182320943659455,74.49906248479893,59.182320943659455,59.182320943659455
2024-08-13 06:00:00,54.16065696868427,67.10617202518462,54.16065696868427,54.16065696868427
2024-08-13 07:00:00,42.8881906821327,50.65309814170253,42.8881906821327,42.8881906821327
2024-08-13 08:00:00,36.404819943944965,46.78730826864259,36.404819943944965,36.404819943944965
2024-08-13 09:00:00,42.13828478439447,52.28546607465543,42.13828478439447,42.13828478439447
2024-08-13 10:00:00,48.36578795347753,61.185227825887594,48.36578795347753,48.36578795347753
2024-08-13 11:00:00,49.48333297886562,62.08416694858293,49.48333297886562,49.48333297886562
2024-08-13 12:00:00,50.626952245085064,59.76478623622115,50.626952245085064,50.626952245085064
2024-08-13 13:00:00,51.94791853191137,62.06434252836479,51.94791853191137,51.94791853191137
2024-08-13 14:00:00,53.13628212230547,66.84873788322909,53.13628212230547,53.13628212230547
2024-08-13 15:00:00,51.27466661944506,64.22449643176854,51.27466661944506,51.27466661944506
2024-08-13 16:00:00,46.790594282716135,57.13523877973413,46.790594282716135,46.790594282716135
2024-08-13 17:00:00,37.25279732248895,45.83019226795387,37.25279732248895,37.25279732248895
2024-08-13 18:00:00,35.37494920310479,46.49203322407125,35.37494920310479,35.37494920310479
2024-08-13 19:00:00,40.53379287502388,48.0337497570235,40.53379287502388,40.53379287502388
2024-08-13 20:00:00,47.04619382152652,58.89511923682019,47.04619382152652,47.04619382152652
2024-08-13 21:00:00,50.909013306404745,61.70686231285175,50.909013306404745,50.909013306404745
2024-08-13 22:00:00,53.90204345854775,65.32553946009487,53.90204345854775,53.90204345854775
2024-08-13 23:00:00,56.29444958339424,71.60443555915568,56.29444958339424,56.29444958339424
2024-08-14 00:00:00,57.37143735704461,72.22412568532103,57.37143735704461,57.37143735704461
2024-08-14 01:00:00,58.56607933620028,73.6539007511011,58.56607933620028,58.56607933620028
2024-08-14 02:00:00,59.38746546321944,75.91154480981501,59.38746546321944,59.38746546321944
2024-08-14 03:00:00,59.40945172873474,72.66507802308004,59.40945172873474,59.40945172873474
2024-08-14 04:00:00,59.70687883708273,74.71295400057764,59.70687883708273,59.70687883708273
2024-08-14 05:00:00,58.66037995953294,70.90534028173207,58.66037995953294,58.66037995953294
2024-08-14 06:00:00,54.1458748586198,67.00439270767083,54.1458748586198,54.1458748586198
2024-08-14 07:00:00,43.14143562553454,52.39676649424751,43.14143562553454,43.14143562553454
2024-08-14 08:00:00,36.04364818424672,44.300531005652886,36.04364818424672,36.04364818424672
2024-08-14 09:00:00,42.26782066144661,53.17735993164974,42.26782066144661,42.26782066144661
2024-08-14 10:00:00,47.631800692544935,56.13150260291811,47.631800692544935,47.631800692544935
2024-08-14 11:00:00,50.141574274058456,66.6163581913702,50.141574274058456,50.141574274058456
2024-08-14 12:00:00,50.54729217832514,59.2163024816985,50.54729217832514,50.54729217832514
2024-08-14 13:00:00,51.653615124245526,60.03797417881474,51.653615124245526,51.653615124245526
2024-08-14 14:00:00,53.32114989307503,68.12160863423532,53.32114989307503,53.32114989307503
2024-08-14 15:00:00,51.35624821228332,64.78621047695904,51.35624821228332,51.35624821228332
2024-08-14 16:00:00,47.08085391767347,59.13376452598481,47.08085391767347,47.08085391767347
2024-08-14 17:00:00,37.48275547916893,47.41352402110248,37.48275547916893,37.48275547916893
2024-08-14 18:00:00,34.794488952218884,42.495388095508616,34.794488952218884,34.794488952218884
2024-08-14 19:00:00,40.39623553283138,47.08662567620552,40.39623553283138,40.39623553283138
2024-08-14 20:00:00,46.834112051187184,57.43487183316073,46.834112051187184,46.834112051187184
2024-08-14 21:00:00,50.69527722981955,60.235224508232754,50.69527722981955,50.69527722981955
2024-08-14 22:00:00,54.43880388003799,69.02129799046813,54.43880388003799,54.43880388003799
2024-08-14 23:00:00,55.73382417832404,67.74435936840428,55.73382417832404,55.73382417832404
2024-08-15 00:00:00,56.62852626144337,67.10895715025201,56.62852626144337,56.62852626144337
2024-08-15 01:00:00,58.05537637125615,70.13755572339021,58.05537637125615,58.05537637125615
2024-08-15 02:00:00,58.98581915442403,73.14608798309442,58.98581915442403,58.98581915442403
2024-08-15 03:00:00,59.14632395123821,70.85336335611358,59.14632395123821,59.14632395123821
2024-08-15 04:00:00,59.0300008219951,70.0524432808473,59.0300008219951,59.0300008219951
2024-08-15 05:00:00,58.909659245171355,72.62170387610018,58.909659245171355,58.909659245171355
2024-08-15 06:00:00,54.11023495699892,66.7590011602253,54.11023495699892,54.11023495699892
2024-08-15 07:00:00,42.97187557108299,51.22929401945128,42.97187557108299,42.97187557108299
2024-08-15 08:00:00,35.78803276247176,42.540541189531574,35.78803276247176,35.78803276247176
2024-08-15 09:00:00,42.104422471810935,52.05231376763301,42.104422471810935,42.104422471810935
2024-08-15 10:00:00,47.3483620463262,54.17994143584837,47.3483620463262,47.3483620463262
2024-08-15 11:00:00,48.566641301530545,55.77246632649282,48.566641301530545,48.566641301530545
2024-08-15 12:00:00,50.676700100436406,60.10731533006162,50.676700100436406,50.676700100436406
2024-08-15 13:00:00,52.10394878172967,63.13865818889968,52.10394878172967,52.10394878172967
2024-08-15 14:00:00,52.9399084045191,65.4966451923501,52.9399084045191,52.9399084045191
2024-08-15 15:00:00,51.6639102976273,66.90455737970868,51.6639102976273,51.6639102976273
2024-08-15 16:00:00,47.18594683044091,59.857361149900754,47.18594683044091,47.18594683044091
2024-08-15 17:00:00,37.12802766151646,44.97111525629446,37.12802766151646,37.12802766151646
2024-08-15 18:00:00,34.79144270644379,42.47441376812122,34.79144270644379,34.79144270644379
2024-08-15 19:00:00,40.34886178591299,46.76044304000576,40.34886178591299,40.34886178591299
2024-08-15 20:00:00,46.79166908880343,57.142639146092314,46.79166908880343,46.79166908880343
2024-08-15 21:00:00,50.870103612485934,61.43895725231205,50.870103612485934,50.870103612485934
2024-08-15 22:00:00,54.14522335215214,66.99990688776116,54.14522335215214,54.14522335215214
2024-08-15 23:00:00,55.42774607540146,65.63691866572353,55.42774607540146,55.42774607540146
2024-08-16 00:00:00,57.23370593140853,71.2758029871202,57.23370593140853,57.23370593140853
2024-08-16 01:00:00,58.889732510851154,75.88235116064776,58.889732510851154,58.889732510851154
2024-08-16 02:00:00,58.75105793319441,71.52968567170309,58.75105793319441,58.75105793319441
2024-08-16 03:00:00,59.58077027494452,73.8446582477324,59.58077027494452,59.58077027494452
2024-08-16 04:00:00,59.71056479627,74.7383329491058,59.71056479627,59.71056479627
2024-08-16 05:00:00,58.619450787651374,70.6235305020496,58.619450787651374,58.619450787651374
2024-08-16 06:00:00,54.10084161681469,66.69432516004963,54.10084161681469,54.10084161681469
2024-08-16 07:00:00,43.2056665803518,52.83901612681333,43.2056665803518,43.2056665803518
2024-08-16 08:00:00,36.04395424434698,44.302638322401705,36.04395424434698,36.04395424434698
2024-08-16 09:00:00,41.65214559726504,48.938250117871235,41.65214559726504,41.65214559726504
2024-08-16 10:00:00,48.011029578416526,58.74260866404069,48.011029578416526,48.011029578416526
2024-08-16 11:00:00,49.424099231060445,61.67632460408003,49.424099231060445,49.424099231060445
2024-08-16 12:00:00,51.65301462350777,66.82953735408977,51.65301462350777,51.65301462350777
2024-08-16 13:00:00,52.63167187173835,66.7721919471445,52.63167187173835,52.63167187173835
2024-08-16 14:00:00,53.7689321058802,71.2047251727639,53.7689321058802,53.7689321058802
2024-08-16 15:00:00,50.654693596700376,59.95579386787872,50.654693596700376,50.654693596700376
2024-08-16 16:00:00,47.19254428652431,59.90278663885778,47.19254428652431,47.19254428652431
2024-08-16 17:00:00,37.28250390258226,46.03473109457458,37.28250390258226,37.28250390258226
2024-08-16 18:00:00,35.78541131994795,49.31818956679588,35.78541131994795,35.78541131994795
2024-08-16 19:00:00,40.436265771590186,47.36224602830786,40.436265771590186,40.436265771590186
2024-08-16 20:00:00,46.422125171018656,54.59821703182979,46.422125171018656,46.422125171018656
2024-08-16 21:00:00,50.73027330955019,60.47618314641821,50.73027330955019,50.73027330955019
2024-08-16 22:00:00,53.04424692406059,59.41934978453358,53.04424692406059,53.04424692406059
2024-08-16 23:00:00,55.56341024024366,66.5710076454764,55.56341024024366,55.56341024024366
2024-08-17 00:00:00,56.65839030230084,67.31458014205899,56.65839030230084,56.65839030230084
2024-08-17 01:00:00,58.26767720391429,71.59931143764966,58.26767720391429,58.26767720391429
2024-08-17 02:00:00,58.95379018909972,72.9255588287881,58.95379018909972,58.95379018909972
2024-08-17 03:00:00,60.244276877647145,78.4131027319385,60.244276877647145,60.244276877647145
2024-08-17 04:00:00,59.82769072718372,75.54478055770647,59.82769072718372,59.82769072718372
2024-08-17 05:00:00,58.54039335495192,70.07919606606933,58.54039335495192,58.54039335495192
2024-08-17 06:00:00,53.59571339789324,63.21636395190352,53.59571339789324,53.59571339789324
2024-08-17 07:00:00,43.421363627177925,54.324155807139874,43.421363627177925,43.421363627177925
2024-08-17 08:00:00,35.40589505684071,39.90940702087923,35.40589505684071,35.40589505684071
2024-08-17 09:00:00,42.82415644463446,57.00790077286893,42.82415644463446,42.82415644463446
2024-08-17 10:00:00,48.530748054324576,62.321028222988595,48.530748054324576,48.530748054324576
2024-08-17 11:00:00,48.98887095655288,58.6796457436953,48.98887095655288,48.98887095655288
2024-08-17 12:00:00,50.229089461909105,57.025380132547845,50.229089461909105,50.229089461909105
2024-08-17 13:00:00,52.80924256837444,67.99482012642635,52.80924256837444,52.80924256837444
2024-08-17 14:00:00,52.748457069636316,64.17844460282087,52.748457069636316,52.748457069636316
2024-08-17 15:00:00,51.55701734038806,66.16856690288301,51.55701734038806,51.55701734038806
2024-08-17 16:00:00,46.08250755354254,52.25984658460554,46.08250755354254,46.08250755354254
2024-08-17 17:00:00,36.930281239670805,43.60957108104054,36.930281239670805,36.930281239670805
2024-08-17 18:00:00,34.80235966487318,42.549580342678155,34.80235966487318,34.80235966487318
2024-08-17 19:00:00,40.821141267194136,50.01223071246329,40.821141267194136,40.821141267194136
2024-08-17 20:00:00,46.59747053783435,55.80552313940632,46.59747053783435,46.59747053783435
2024-08-17 21:00:00,51.280282469556376,64.26316326546795,51.280282469556376,51.280282469556376
2024-08-17 22:00:00,53.519570806777836,62.69209908554432,53.519570806777836,53.519570806777836
2024-08-17 23:00:00,55.73592923174042,67.75885330053676,55.73592923174042,55.73592923174042
2024-08-18 00:00:00,57.05413303427036,70.03938904926001,57.05413303427036,57.05413303427036
2024-08-18 01:00:00,58.43149747532643,72.72726376289484,58.43149747532643,58.43149747532643
2024-08-18 02:00:00,59.12022669514,74.07152472406801,59.12022669514,59.12022669514
2024-08-18 03:00:00,58.893911058672956,69.11542392629444,58.893911058672956,58.893911058672956
2024-08-18 04:00:00,58.70964862316897,67.8467210924481,58.70964862316897,58.70964862316897
2024-08-18 05:00:00,59.374954569854324,75.82540350910517,59.374954569854324,59.374954569854324
2024-08-18 06:00:00,54.14954130539082,67.02963730728666,54.14954130539082,54.14954130539082
2024-08-18 07:00:00,42.86318105854955,50.480899287244796,42.86318105854955,42.86318105854955
2024-08-18 08:00:00,36.69801838898513,48.80606861490836,36.69801838898513,36.69801838898513
2024-08-18 09:00:00,42.052053585431786,51.69173807908923,42.052053585431786,42.052053585431786
2024-08-18 10:00:00,48.53068373282872,62.32058534995347,48.53068373282872,48.53068373282872
2024-08-18 11:00:00,49.230383316634544,60.34253169658338,49.230383316634544,49.230383316634544
2024-08-18 12:00:00,51.92733656619689,68.71832724837287,51.92733656619689,51.92733656619689
2024-08-18 13:00:00,52.989903379099445,69.23872467976018,52.989903379099445,52.989903379099445
2024-08-18 14:00:00,52.68796613318442,63.7619461326436,52.68796613318442,52.68796613318442
2024-08-18 15:00:00,51.43720692792946,65.34363582349742,51.43720692792946,51.43720692792946
2024-08-18 16:00:00,47.09041917731332,59.19962424382886,47.09041917731332,47.09041917731332
2024-08-18 17:00:00,37.815884200889556,49.70721645020002,37.815884200889556,37.815884200889556
2024-08-18 18:00:00,34.36578444273895,39.54362733878006,34.36578444273895,34.36578444273895
2024-08-18 19:00:00,41.108723156999304,51.99231937003886,41.108723156999304,41.108723156999304
2024-08-18 20:00:00,47.27629101908232,60.47940832862926,47.27629101908232,47.27629101908232
2024-08-18 21:00:00,50.2085672311096,56.88407834034604,50.2085672311096,50.2085672311096
2024-08-18 22:00:00,53.4675336693004,62.33380758894984,53.4675336693004,53.4675336693004
2024-08-18 23:00:00,54.88234552000796,61.88167018918788,54.88234552000796,54.88234552000796
2024-08-19 00:00:00,56.87876692449995,68.83194012014008,56.87876692449995,56.87876692449995
2024-08-19 01:00:00,58.52289401510818,73.35655669885162,58.52289401510818,58.52289401510818
2024-08-19 02:00:00,59.47606067344321,76.52154974092682,59.47606067344321,59.47606067344321
2024-08-19 03:00:00,59.433342651188894,72.82957428048535,59.433342651188894,59.433342651188894
2024-08-19 04:00:00,60.13287699550708,77.64608070829769,60.13287699550708,60.13287699550708
2024-08-19 05:00:00,58.1789543438033,67.59057869567238,58.1789543438033,58.1789543438033
2024-08-19 06:00:00,53.23347790229018,60.722262544124256,53.23347790229018,53.23347790229018
2024-08-19 07:00:00,43.175003535496515,52.6278917498026,43.175003535496515,43.175003535496515
2024-08-19 08:00:00,36.17282945202269,45.18998327007648,36.17282945202269,36.17282945202269
2024-08-19 09:00:00,41.985287363357656,51.232032361431834,41.985287363357656,41.985287363357656
2024-08-19 10:00:00,47.06965105498205,52.26093160850464,47.06965105498205,47.06965105498205
2024-08-19 11:00:00,49.15989598221924,59.85720499025622,49.15989598221924,49.15989598221924
2024-08-19 12:00:00,50.412988724772816,58.291582412460684,50.412988724772816,50.412988724772816
2024-08-19 13:00:00,52.50135264697352,65.87490450322481,52.50135264697352,52.50135264697352
2024-08-19 14:00:00,52.964969210743575,65.66919645483888,52.964969210743575,52.964969210743575
2024-08-19 15:00:00,50.57705409615269,59.42122232542706,50.57705409615269,50.57705409615269
2024-08-19 16:00:00,46.56875988719849,55.60784158959043,46.56875988719849,46.56875988719849
2024-08-19 17:00:00,36.72335391514997,42.18481360238377,36.72335391514997,36.72335391514997
2024-08-19 18:00:00,34.77179440622707,42.33912925341788,34.77179440622707,34.77179440622707
2024-08-19 19:00:00,41.22981404422556,52.826066907114026,41.22981404422556,41.22981404422556
2024-08-19 20:00:00,46.35642327914901,54.145839550895644,46.35642327914901,46.35642327914901
2024-08-19 21:00:00,51.22682093198303,63.89506434158492,51.22682093198303,51.22682093198303
2024-08-19 22:00:00,53.7613840717324,64.35705685987514,53.7613840717324,53.7613840717324
2024-08-19 23:00:00,55.44320722548195,65.74337337999012,55.44320722548195,55.44320722548195
2024-08-20 00:00:00,56.95183633802045,69.33504522535259,56.95183633802045,56.95183633802045
2024-08-20 01:00:00,57.734140954911275,67.92575231411787,57.734140954911275,57.734140954911275
2024-08-20 02:00:00,58.55085781259376,70.1512470352675,58.55085781259376,58.55085781259376
2024-08-20 03:00:00,58.860954948335014,68.88851109697067,58.860954948335014,58.860954948335014
2024-08-20 04:00:00,60.28412630981237,78.68747817572826,60.28412630981237,60.28412630981237
2024-08-20 05:00:00,58.815868598387276,71.97592678627836,58.815868598387276,58.815868598387276
2024-08-20 06:00:00,53.685123521403334,63.83197980850255,53.685123521403334,53.685123521403334
2024-08-20 07:00:00,43.296290959830394,53.46299250455727,43.296290959830394,43.296290959830394
2024-08-20 08:00:00,35.949452377639126,43.65196426738836,35.949452377639126,35.949452377639126
2024-08-20 09:00:00,41.90056368021005,50.64868407012509,41.90056368021005,41.90056368021005
2024-08-20 10:00:00,48.27637501501954,60.56959258751735,48.27637501501954,48.27637501501954
2024-08-20 11:00:00,49.54087846952128,62.48038512984287,49.54087846952128,49.54087846952128
2024-08-20 12:00:00,50.761274483575264,60.689635645461735,50.761274483575264,50.761274483575264
2024-08-20 13:00:00,51.9408817917099,62.01589243483256,51.9408817917099,51.9408817917099
2024-08-20 14:00:00,52.676226736281755,63.68111681940181,52.676226736281755,52.676226736281755
2024-08-20 15:00:00,49.964135475868986,55.20109146509069,49.964135475868986,49.964135475868986
2024-08-20 16:00:00,46.11816402201065,52.50535219982614,46.11816402201065,46.11816402201065
2024-08-20 17:00:00,37.81509342035004,49.70177168600435,37.81509342035004,37.81509342035004
2024-08-20 18:00:00,35.540235471075576,47.630079380884816,35.540235471075576,35.540235471075576
2024-08-20 19:00:00,40.687933782199636,49.09505671962082,40.687933782199636,40.687933782199636
2024-08-20 20:00:00,47.0594506333751,58.98639641284392,47.0594506333751,47.0594506333751
2024-08-20 21:00:00,51.14006256954459,63.297706665374605,51.14006256954459,51.14006256954459
2024-08-20 22:00:00,55.385496363804855,75.53956327688381,55.385496363804855,55.385496363804855
2024-08-20 23:00:00,56.30380871014556,71.66887598945421,56.30380871014556,56.30380871014556
2024-08-21 00:00:00,56.94243708383365,69.27032850547307,56.94243708383365,56.94243708383365
2024-08-21 01:00:00,57.77000680172981,68.17269956287481,57.77000680172981,57.77000680172981
2024-08-21 02:00:00,58.07709915588409,66.88927479071965,58.07709915588409,58.07709915588409
2024-08-21 03:00:00,59.49155863614025,73.23040901861805,59.49155863614025,59.49155863614025
2024-08-21 04:00:00,59.05964216462206,70.25653292769786,59.05964216462206,59.05964216462206
2024-08-21 05:00:00,58.159985830681045,67.45997472158385,58.159985830681045,58.159985830681045
2024-08-21 06:00:00,53.70904220209086,63.99666718977552,53.70904220209086,53.70904220209086
2024-08-21 07:00:00,42.71330339837352,49.44894607510205,42.71330339837352,42.71330339837352
2024-08-21 08:00:00,36.75921373578265,49.22741716426335,36.75921373578265,36.75921373578265
2024-08-21 09:00:00,42.39673789062725,54.06499421014899,42.39673789062725,42.39673789062725
2024-08-21 10:00:00,47.996412311407525,58.64196434103103,47.996412311407525,47.996412311407525
2024-08-21 11:00:00,49.86597486250051,64.718772535924,49.86597486250051,49.86597486250051
2024-08-21 12:00:00,51.03481573844143,62.57305026696811,51.03481573844143,51.03481573844143
2024-08-21 13:00:00,51.812422109402284,61.13140850552326,51.812422109402284,51.812422109402284
2024-08-21 14:00:00,53.48540583477134,69.25256068171167,53.48540583477134,53.48540583477134
2024-08-21 15:00:00,51.2425095196581,64.00308503276901,51.2425095196581,51.2425095196581
2024-08-21 16:00:00,46.3332392305531,53.98621033470075,46.3332392305531,46.3332392305531
2024-08-21 17:00:00,37.11434759486238,44.8769238423811,37.11434759486238,37.11434759486238
2024-08-21 18:00:00,34.40597178597686,39.820329402937816,34.40597178597686,34.40597178597686
2024-08-21 19:00:00,40.17774012106605,45.58221840333469,40.17774012106605,40.17774012106605
2024-08-21 20:00:00,47.21677989638924,60.06965617377701,47.21677989638924,47.21677989638924
2024-08-21 21:00:00,51.85923748821156,68.24944441294303,51.85923748821156,51.85923748821156
2024-08-21 22:00:00,53.370644591781385,61.6666968624422,53.370644591781385,53.370644591781385
2024-08-21 23:00:00,56.05333615651076,69.94429638250375,56.05333615651076,56.05333615651076
2024-08-22 00:00:00,56.707210843895176,67.6507243990327,56.707210843895176,56.707210843895176
2024-08-22 01:00:00,57.98079357730588,69.62403053426488,57.98079357730588,57.98079357730588
2024-08-22 02:00:00,58.533422734092504,70.03120122428938,58.533422734092504,58.533422734092504
2024-08-22 03:00:00,59.01120415364408,69.92302251020251,59.01120415364408,59.01120415364408
2024-08-22 04:00:00,59.42183473257517,72.75033876556894,59.42183473257517,59.42183473257517
2024-08-22 05:00:00,58.42607244761503,69.29206189675541,58.42607244761503,58.42607244761503
2024-08-22 06:00:00,54.12170557160093,66.83797982569075,54.12170557160093,54.12170557160093
2024-08-22 07:00:00,43.177392850747886,52.64434291100684,43.177392850747886,43.177392850747886
2024-08-22 08:00:00,35.89247337891012,43.25964655510208,35.89247337891012,35.89247337891012
2024-08-22 09:00:00,41.59159635208128,48.52135017436523,41.59159635208128,41.59159635208128
2024-08-22 10:00:00,47.740452901244254,56.879606060377824,47.740452901244254,47.740452901244254
2024-08-22 11:00:00,49.539926051621585,62.473827443328815,49.539926051621585,49.539926051621585
2024-08-22 12:00:00,51.22541273443097,63.88536847373195,51.22541273443097,51.22541273443097
2024-08-22 13:00:00,51.76010013984065,60.771155853517996,51.76010013984065,51.76010013984065
2024-08-22 14:00:00,52.84469953744315,64.84110322506756,52.84469953744315,52.84469953744315
2024-08-22 15:00:00,51.3381242055173,64.66142118563224,51.3381242055173,51.3381242055173
2024-08-22 16:00:00,46.04876762349539,52.02753691851697,46.04876762349539,46.04876762349539
2024-08-22 17:00:00,37.444512086570974,47.1502066475303,37.444512086570974,37.444512086570974
2024-08-22 18:00:00,34.50181930847437,40.480268706774424,34.50181930847437,34.50181930847437
2024-08-22 19:00:00,41.056769400866926,51.63460197933021,41.056769400866926,41.056769400866926
2024-08-22 20:00:00,46.45653337955587,54.83512799829641,46.45653337955587,46.45653337955587
2024-08-22 21:00:00,50.187803054700964,56.7411106791401,50.187803054700964,50.187803054700964
2024-08-22 22:00:00,53.267605902952575,60.95724419426615,53.267605902952575,53.267605902952575
2024-08-22 23:00:00,55.821638225997624,68.34898575809825,55.821638225997624,55.821638225997624
2024-08-23 00:00:00,57.11687512577467,70.47138740570875,57.11687512577467,57.11687512577467
2024-08-23 01:00:00,57.79305751870301,68.33141075035103,57.79305751870301,57.79305751870301
2024-08-23 02:00:00,59.08736660644981,73.84527303295339,59.08736660644981,59.08736660644981
2024-08-23 03:00:00,58.652315971978965,67.45196837555424,58.652315971978965,58.652315971978965
2024-08-23 04:00:00,59.37026409060871,72.39525923225456,59.37026409060871,59.37026409060871
2024-08-23 05:00:00,58.25504271010689,68.11447020773275,58.25504271010689,58.25504271010689
2024-08-23 06:00:00,53.70667375148903,63.98035968802046,53.70667375148903,53.70667375148903
2024-08-23 07:00:00,43.22132940209238,52.94685941171266,43.22132940209238,43.22132940209238
2024-08-23 08:00:00,35.612813985622225,41.33410669232077,35.612813985622225,35.612813985622225
2024-08-23 09:00:00,41.82695000509658,50.14183155853826,41.82695000509658,41.82695000509658
2024-08-23 10:00:00,48.452831764146495,61.784550899863305,48.452831764146495,48.452831764146495
2024-08-23 11:00:00,48.94039865871458,58.34589925075283,48.94039865871458,48.94039865871458
2024-08-23 12:00:00,51.37606145042931,64.92263063940149,51.37606145042931,51.37606145042931
2024-08-23 13:00:00,51.69163191540407,60.299731332651746,51.69163191540407,51.69163191540407
2024-08-23 14:00:00,53.03841188006187,66.17487153958693,53.03841188006187,53.03841188006187
2024-08-23 15:00:00,51.64870587929605,66.79987034151192,51.64870587929605,51.64870587929605
2024-08-23 16:00:00,45.68775997494272,49.54188961060948,45.68775997494272,45.68775997494272
2024-08-23 17:00:00,36.841397135038285,42.99757702417957,36.841397135038285,36.841397135038285
2024-08-23 18:00:00,35.05968245723124,44.3213259238379,35.05968245723124,35.05968245723124
2024-08-23 19:00:00,40.70862957628066,49.23755354773165,40.70862957628066,40.70862957628066
2024-08-23 20:00:00,46.96701564301709,58.349953429264545,46.96701564301709,46.96701564301709
2024-08-23 21:00:00,50.72820666597788,60.461953677728246,50.72820666597788,50.72820666597788
2024-08-23 22:00:00,54.038965404362806,66.26828864386735,54.038965404362806,54.038965404362806
2024-08-23 23:00:00,55.72994524407357,67.71765172795429,55.72994524407357,55.72994524407357
2024-08-24 00:00:00,57.525501927746916,73.28490704811321,57.525501927746916,57.525501927746916
2024-08-24 01:00:00,58.31448937948554,71.92162748456025,58.31448937948554,58.31448937948554
2024-08-24 02:00:00,58.951921197933835,72.9126902569487,58.951921197933835,58.951921197933835
2024-08-24 03:00:00,59.21465536524489,71.323845895617,59.21465536524489,59.21465536524489
2024-08-24 04:00:00,59.180577199167374,71.08920737172811,59.180577199167374,59.180577199167374
2024-08-24 05:00:00,58.605348815481165,70.52643414051381,58.605348815481165,58.605348815481165
2024-08-24 06:00:00,54.177503464070234,67.22216526264559,54.177503464070234,54.177503464070234
2024-08-24 07:00:00,43.01055698363088,51.49562729341707,43.01055698363088,43.01055698363088
2024-08-24 08:00:00,36.13039868560339,44.897834555927545,36.13039868560339,36.13039868560339
2024-08-24 09:00:00,42.933930359390445,57.763727517220815,42.933930359390445,42.933930359390445
2024-08-24 10:00:00,48.39200611654426,61.36574784175532,48.39200611654426,48.39200611654426
2024-08-24 11:00:00,49.05328941052447,59.12318636488711,49.05328941052447,49.05328941052447
2024-08-24 12:00:00,51.54054626497378,66.05515854595208,51.54054626497378,51.54054626497378
2024-08-24 13:00:00,52.0163660821403,62.53562470103212,52.0163660821403,52.0163660821403
2024-08-24 14:00:00,51.88284395916996,58.21843542754088,51.88284395916996,51.88284395916996
2024-08-24 15:00:00,50.546361160087166,59.20989213835511,50.546361160087166,50.546361160087166
2024-08-24 16:00:00,45.95814363553837,51.40356323651798,45.95814363553837,45.95814363553837
2024-08-24 17:00:00,37.041818932181414,44.37754197093919,37.041818932181414,37.041818932181414
2024-08-24 18:00:00,34.808288270635295,42.59040059402554,34.808288270635295,34.808288270635295
2024-08-24 19:00:00,41.55439679052388,55.06091769978898,41.55439679052388,41.55439679052388
2024-08-24 20:00:00,46.947117318193875,58.21294741920634,46.947117318193875,46.947117318193875
2024-08-24 21:00:00,50.90140476203601,61.65447517395575,50.90140476203601,50.90140476203601
2024-08-24 22:00:00,54.37323251153257,68.5698192025401,54.37323251153257,54.37323251153257
2024-08-24 23:00:00,54.80498911094646,61.34904781760102,54.80498911094646,54.80498911094646
2024-08-25 00:00:00,57.10602655114886,70.39669167440945,57.10602655114886,57.10602655114886
2024-08-25 01:00:00,58.546889337249134,73.52177177980947,58.546889337249134,58.546889337249134
2024-08-25 02:00:00,58.13463618939907,67.28543474199732,58.13463618939907,58.13463618939907
2024-08-25 03:00:00,59.91468931944312,76.14379228919826,59.91468931944312,59.91468931944312
2024-08-25 04:00:00,59.55232338337248,73.64879275918152,59.55232338337248,59.55232338337248
2024-08-25 05:00:00,58.61312043874464,70.57994412713144,58.61312043874464,58.61312043874464
2024-08-25 06:00:00,54.28475183974783,67.96060290336935,54.28475183974783,54.28475183974783
2024-08-25 07:00:00,44.221811786011976,59.835484498102836,44.221811786011976,44.221811786011976
2024-08-25 08:00:00,36.08183981477632,44.56349198166292,36.08183981477632,36.08183981477632
2024-08-25 09:00:00,42.11169926383515,52.10241669087496,42.11169926383515,42.11169926383515
2024-08-25 10:00:00,47.79328759520689,57.243388975612085,47.79328759520689,47.79328759520689
2024-08-25 11:00:00,48.81757003374084,57.5001868614891,48.81757003374084,48.81757003374084
2024-08-25 12:00:00,51.37365111744491,64.90603476472165,51.37365111744491,51.37365111744491
2024-08-25 13:00:00,51.814762278341014,61.14752127943794,51.814762278341014,51.814762278341014
2024-08-25 14:00:00,52.83220480674872,64.75507320925448,52.83220480674872,52.83220480674872
2024-08-25 15:00:00,50.785054148955695,60.85336586412273,50.785054148955695,50.785054148955695
2024-08-25 16:00:00,47.01554092158588,58.68406471062808,47.01554092158588,47.01554092158588
2024-08-25 17:00:00,37.35014794737913,46.500480888296146,37.35014794737913,37.35014794737913
2024-08-25 18:00:00,35.266892974916054,45.748033273441976,35.266892974916054,35.266892974916054
2024-08-25 19:00:00,40.57049262051537,48.28643865142097,40.57049262051537,40.57049262051537
2024-08-25 20:00:00,46.678556279117984,56.36382309603997,46.678556279117984,46.678556279117984
2024-08-25 21:00:00,50.55955632789796,59.30074487645576,50.55955632789796,50.55955632789796
2024-08-25 22:00:00,53.80006803296575,64.62340768231442,53.80006803296575,53.80006803296575
2024-08-25 23:00:00,55.96978522187019,69.36902282086285,55.96978522187019,55.96978522187019
2024-08-26 00:00:00,57.340644877490405,72.01211011109548,57.340644877490405,57.340644877490405
2024-08-26 01:00:00,57.785025604120065,68.2761085789414,57.785025604120065,57.785025604120065
2024-08-26 02:00:00,59.19132266404755,74.56104206373274,59.19132266404755,59.19132266404755
2024-08-26 03:00:00,60.01003703646223,76.80029028051187,60.01003703646223,60.01003703646223
2024-08-26 04:00:00,59.58604570645066,73.880981195941,59.58604570645066,59.58604570645066
2024-08-26 05:00:00,59.64455811565113,77.68170580768202,59.64455811565113,59.64455811565113
2024-08-26 06:00:00,53.65179486040339,63.602501854717346,53.65179486040339,53.65179486040339
2024-08-26 07:00:00,42.639905383509856,48.94357844983691,42.639905383509856,42.639905383509856
2024-08-26 08:00:00,35.19957588799308,38.488836878745445,35.19957588799308,35.19957588799308
2024-08-26 09:00:00,42.673219940170135,55.96865709620209,42.673219940170135,42.673219940170135
2024-08-26 10:00:00,48.294464545359325,60.69414449817815,48.294464545359325,48.294464545359325
2024-08-26 11:00:00,49.17498689809029,59.96111052954084,49.17498689809029,49.17498689809029
2024-08-26 12:00:00,51.12598588184392,63.20078439509111,51.12598588184392,51.12598588184392
2024-08-26 13:00:00,51.69352992871573,60.31279973077962,51.69352992871573,51.69352992871573
2024-08-26 14:00:00,53.90058839082757,72.11121868214116,53.90058839082757,53.90058839082757
2024-08-26 15:00:00,51.05814953188885,62.73371052194717,51.05814953188885,51.05814953188885
2024-08-26 16:00:00,46.84922765757221,57.53894737413322,46.84922765757221,46.84922765757221
2024-08-26 17:00:00,37.52659498075442,47.71537230474091,37.52659498075442,37.52659498075442
2024-08-26 18:00:00,35.01645415428152,44.023685928443975,35.01645415428152,35.01645415428152
2024-08-26 19:00:00,40.900747810925616,50.560345944678645,40.900747810925616,40.900747810925616
2024-08-26 20:00:00,46.44428649504962,54.75080447876634,46.44428649504962,46.44428649504962
2024-08-26 21:00:00,51.2121607607112,63.794124609694514,51.2121607607112,51.2121607607112
2024-08-26 22:00:00,54.84691102341377,71.83123962560177,54.84691102341377,54.84691102341377
2024-08-26 23:00:00,56.40543902076974,72.36863154592947,56.40543902076974,56.40543902076974
2024-08-27 00:00:00,57.71693398198773,74.60297488456646,57.71693398198773,57.71693398198773
2024-08-27 01:00:00,57.96995294560596,69.54938949242282,57.96995294560596,57.96995294560596
2024-08-27 02:00:00,58.35467783088364,68.80048827611621,58.35467783088364,58.35467783088364
2024-08-27 03:00:00,59.343395885955154,72.21026348262667,59.343395885955154,59.343395885955154
2024-08-27 04:00:00,59.42507621052991,72.77265732581039,59.42507621052991,59.42507621052991
2024-08-27 05:00:00,59.292386183311926,75.25689508954618,59.292386183311926,59.292386183311926
2024-08-27 06:00:00,53.23839091662833,60.75609014005552,53.23839091662833,53.23839091662833
2024-08-27 07:00:00,43.88829764375727,57.53913833156575,43.88829764375727,43.88829764375727
2024-08-27 08:00:00,35.92889644563945,43.51043043218747,35.92889644563945,35.92889644563945
2024-08-27 09:00:00,41.80790351852366,50.01069071355928,41.80790351852366,41.80790351852366
2024-08-27 10:00:00,47.54455303113293,55.530775954661635,47.54455303113293,47.54455303113293
2024-08-27 11:00:00,48.455314497660396,55.00594746893624,48.455314497660396,48.455314497660396
2024-08-27 12:00:00,51.37042676278286,64.8838341035512,51.37042676278286,51.37042676278286
2024-08-27 13:00:00,52.23299308523478,64.02716741271877,52.23299308523478,52.23299308523478
2024-08-27 14:00:00,52.21951759511652,60.53653566776866,52.21951759511652,52.21951759511652
2024-08-27 15:00:00,50.41721455257137,58.32067852035002,50.41721455257137,50.41721455257137
2024-08-27 16:00:00,46.648896885319445,56.15960916139045,46.648896885319445,46.648896885319445
2024-08-27 17:00:00,37.951059686380226,50.637940724192674,37.951059686380226,37.951059686380226
2024-08-27 18:00:00,34.68318389188637,41.72901894881275,34.68318389188637,34.68318389188637
2024-08-27 19:00:00,40.123585671096855,45.2093485671503,40.123585671096855,40.123585671096855
2024-08-27 20:00:00,46.68941562116133,56.43859296427932,46.68941562116133,46.68941562116133
2024-08-27 21:00:00,50.87727439361355,61.48833025833256,50.87727439361355,50.87727439361355
2024-08-27 22:00:00,52.78640101067629,57.64400235622245,52.78640101067629,52.78640101067629
2024-08-27 23:00:00,55.77556731006699,68.03177350895356,55.77556731006699,55.77556731006699
2024-08-28 00:00:00,56.896079461406096,68.9511421950167,56.896079461406096,56.896079461406096
2024-08-28 01:00:00,58.51329286416603,73.2904498584901,58.51329286416603,58.51329286416603
2024-08-28 02:00:00,59.6320302427254,77.59544759754027,59.6320302427254,59.6320302427254
2024-08-28 03:00:00,59.90695426329649,76.0905340782865,59.90695426329649,59.90695426329649
2024-08-28 04:00:00,59.279000089250324,71.7668788635981,59.279000089250324,59.279000089250324
2024-08-28 05:00:00,58.302063341066244,68.43822153330385,58.302063341066244,58.302063341066244
2024-08-28 06:00:00,55.15801191146244,73.97326372942905,55.15801191146244,55.15801191146244
2024-08-28 07:00:00,43.22664829530652,52.98348160698127,43.22664829530652,43.22664829530652
2024-08-28 08:00:00,36.006268181360824,44.04315833248263,36.006268181360824,36.006268181360824
2024-08-28 09:00:00,41.9891437108005,51.25858448485105,41.9891437108005,41.9891437108005
2024-08-28 10:00:00,48.08913814234553,59.28040985033977,48.08913814234553,48.08913814234553
2024-08-28 11:00:00,49.135037814634224,59.686048956346866,49.135037814634224,49.135037814634224
2024-08-28 12:00:00,50.74185209690389,60.55590661413407,50.74185209690389,50.74185209690389
2024-08-28 13:00:00,51.953913476441826,62.10561954228107,51.953913476441826,51.953913476441826
2024-08-28 14:00:00,52.7852610284028,64.43185103726901,52.7852610284028,52.7852610284028
2024-08-28 15:00:00,50.755458852989804,60.64959326251921,50.755458852989804,50.755458852989804
2024-08-28 16:00:00,46.47921939779528,54.99132812422172,46.47921939779528,46.47921939779528
2024-08-28 17:00:00,37.24789360246135,45.79642866617368,37.24789360246135,37.24789360246135
2024-08-28 18:00:00,34.68526025216061,41.7433153199467,34.68526025216061,34.68526025216061
2024-08-28 19:00:00,41.476796844862214,54.52661850474145,41.476796844862214,41.476796844862214
2024-08-28 20:00:00,45.60706358622315,48.986270464636156,45.60706358622315,45.60706358622315
2024-08-28 21:00:00,51.49117808336511,65.71524362114691,51.49117808336511,51.49117808336511
2024-08-28 22:00:00,54.560738336623935,69.86085375879918,54.560738336623935,54.560738336623935
2024-08-28 23:00:00,54.866974395416335,61.775835327755296,54.866974395416335,54.866974395416335
2024-08-29 00:00:00,56.845790582663845,68.60488799080659,56.845790582663845,56.845790582663845
2024-08-29 01:00:00,58.03285161030189,69.98246590285127,58.03285161030189,58.03285161030189
2024-08-29 02:00:00,58.166619737376976,67.50565118407923,58.166619737376976,58.166619737376976
2024-08-29 03:00:00,59.04998249058411,70.19002313804666,59.04998249058411,59.04998249058411
2024-08-29 04:00:00,58.900240869540376,69.1590065966485,58.900240869540376,58.900240869540376
2024-08-29 05:00:00,59.58852169954063,77.2958780630116,59.58852169954063,59.58852169954063
2024-08-29 06:00:00,54.421055276916356,68.89909346725298,54.421055276916356,54.421055276916356
2024-08-29 07:00:00,43.772199792747365,56.73976936535805,43.772199792747365,43.772199792747365
2024-08-29 08:00:00,36.32475242881946,46.23601910837006,36.32475242881946,36.32475242881946
2024-08-29 09:00:00,41.49192670295225,47.835094367789075,41.49192670295225,41.49192670295225
2024-08-29 10:00:00,47.763965880174105,57.04150006182679,47.763965880174105,47.763965880174105
2024-08-29 11:00:00,49.42021855255256,61.64960495388796,49.42021855255256,49.42021855255256
2024-08-29 12:00:00,50.45004248599862,58.54670881271296,50.45004248599862,50.45004248599862
2024-08-29 13:00:00,52.52084929357758,66.00914483674374,52.52084929357758,52.52084929357758
2024-08-29 14:00:00,52.69185357082883,63.788712321543635,52.69185357082883,52.69185357082883
2024-08-29 15:00:00,50.83133063660268,61.171993536972046,50.83133063660268,50.83133063660268
2024-08-29 16:00:00,47.11993198569157,59.40282889333782,47.11993198569157,47.11993198569157
2024-08-29 17:00:00,37.39991849016872,46.843166192039774,37.39991849016872,37.39991849016872
2024-08-29 18:00:00,34.63756522538141,41.414920574324015,34.63756522538141,34.63756522538141
2024-08-29 19:00:00,41.321698411513914,53.45871868361999,41.321698411513914,41.321698411513914
2024-08-29 20:00:00,46.31352150258005,53.85044778880802,46.31352150258005,46.31352150258005
2024-08-29 21:00:00,51.27717102312492,64.24174001175837,51.27717102312492,51.27717102312492
2024-08-29 22:00:00,54.26689556608577,67.83765703578098,54.26689556608577,54.26689556608577
2024-08-29 23:00:00,55.660704102308706,67.24090543652729,55.660704102308706,55.660704102308706
2024-08-30 00:00:00,57.146759860008956,70.67715287770027,57.146759860008956,57.146759860008956
2024-08-30 01:00:00,57.63699889062661,67.2568996968899,57.63699889062661,57.63699889062661
2024-08-30 02:00:00,59.215812158643104,74.72965967213386,59.215812158643104,59.215812158643104
2024-08-30 03:00:00,59.316794038600655,72.0271016839025,59.316794038600655,59.316794038600655
2024-08-30 04:00:00,59.16477464076643,70.98040195748041,59.16477464076643,59.16477464076643
2024-08-30 05:00:00,59.2720541516266,75.11690287601402,59.2720541516266,59.2720541516266
2024-08-30 06:00:00,53.683045339255756,63.8176708932173,53.683045339255756,53.683045339255756
2024-08-30 07:00:00,42.5661924166364,48.43604228432498,42.5661924166364,42.5661924166364
2024-08-30 08:00:00,35.29951687191424,39.17696090777704,35.29951687191424,35.29951687191424
2024-08-30 09:00:00,42.27270447810554,53.21098649269143,42.27270447810554,42.27270447810554
2024-08-30 10:00:00,47.42380679137667,54.699401420096066,47.42380679137667,47.42380679137667
2024-08-30 11:00:00,49.98965738189296,65.57036424761101,49.98965738189296,49.98965738189296
2024-08-30 12:00:00,50.06313176645232,55.88271099356283,50.06313176645232,50.06313176645232
2024-08-30 13:00:00,52.96340536573052,69.05627780956387,52.96340536573052,52.96340536573052
2024-08-30 14:00:00,52.89495786024118,65.18714704232102,52.89495786024118,52.89495786024118
2024-08-30 15:00:00,50.956479099658324,62.03367871602619,50.956479099658324,50.956479099658324
2024-08-30 16:00:00,46.554786410935975,55.511629961406705,46.554786410935975,46.554786410935975
2024-08-30 17:00:00,37.379611251458435,46.70334468567107,37.379611251458435,37.379611251458435
2024-08-30 18:00:00,34.783064383908815,42.4167264727486,34.783064383908815,34.783064383908815
2024-08-30 19:00:00,41.29648584690744,53.2851225185781,41.29648584690744,41.29648584690744
2024-08-30 20:00:00,46.851402441897925,57.55392142475561,46.851402441897925,46.851402441897925
2024-08-30 21:00:00,51.067635792657846,62.79902630857132,51.067635792657846,51.067635792657846
2024-08-30 22:00:00,53.836374504503766,64.87338876609448,53.836374504503766,53.836374504503766
2024-08-30 23:00:00,55.77437446932552,68.02356043815114,55.77437446932552,55.77437446932552
2024-08-31 00:00:00,57.13851079600143,70.62035556654835,57.13851079600143,57.13851079600143
2024-08-31 01:00:00,57.43042422330451,65.83457037015779,57.43042422330451,57.43042422330451
2024-08-31 02:00:00,58.19331656005242,67.68946691673463,58.19331656005242,58.19331656005242
2024-08-31 03:00:00,59.73446884231022,74.90291956638713,59.73446884231022,59.73446884231022
2024-08-31 04:00:00,59.476889447157575,73.12940719704956,59.476889447157575,59.476889447157575
2024-08-31 05:00:00,58.717207498641294,71.29661514852778,58.717207498641294,58.717207498641294
2024-08-31 06:00:00,54.008295269879426,66.0571154526139,54.008295269879426,54.008295269879426
2024-08-31 07:00:00,43.356411767412744,53.8769425250497,43.356411767412744,43.356411767412744
2024-08-31 08:00:00,35.75710814386079,42.32761579776608,35.75710814386079,35.75710814386079
2024-08-31 09:00:00,41.64976287356896,48.921844341527176,41.64976287356896,41.64976287356896
2024-08-31 10:00:00,48.088130364793955,59.27347099580832,48.088130364793955,48.088130364793955
2024-08-31 11:00:00,48.759732250073235,57.10195615406476,48.759732250073235,48.759732250073235
2024-08-31 12:00:00,51.18371374007151,63.598258232473675,51.18371374007151,51.18371374007151
2024-08-31 13:00:00,51.433837378092974,58.524737644208834,51.433837378092974,51.433837378092974
2024-08-31 14:00:00,53.263120036796536,67.7220554485475,53.263120036796536,53.263120036796536
2024-08-31 15:00:00,51.21266886708587,63.79762307640954,51.21266886708587,51.21266886708587
2024-08-31 16:00:00,46.91521338044125,57.993279117705235,46.91521338044125,46.91521338044125
2024-08-31 17:00:00,37.642210942775485,48.51142331889798,37.642210942775485,37.642210942775485
2024-08-31 18:00:00,35.54946350000816,47.69361716288341,35.54946350000816,35.54946350000816
2024-08-31 19:00:00,41.25646652925816,53.00957736163191,41.25646652925816,41.25646652925816
2024-08-31 20:00:00,45.97160659590077,51.496259807672125,45.97160659590077,45.97160659590077
2024-08-31 21:00:00,50.424190364968936,58.368709107446946,50.424190364968936,50.424190364968936
2024-08-31 22:00:00,53.718831640036946,64.0640704433469,53.718831640036946,53.718831640036946
2024-08-31 23:00:00,55.811740972594876,68.2808401623613,55.811740972594876,55.811740972594876
